1,,1,27.6
1,,2,27.7
1,,3,27.2
1,,4,26.6
1,,5,26.5
1,,6,25.8
2,,7,26.1
2,,8,26.3
2,,9,26.7
2,,10,26.7
2,,11,27.3
2,,12,28
2,,13,27.7
2,,14,28.8
2,,15,28.8
2,,16,29.1
3,,17,29
3,,18,27.7
3,,19,28.5
3,,20,28.6
3,,21,27.1
3,,22,26.5
3,,23,26.4
3,,24,25.6
3,,25,25.6
3,,26,26.3
4,,27,26.3
4,,28,26.5
4,,29,26.9
4,,30,28.3
4,,31,28.9
4,,32,28.4
4,,33,29
4,,34,28.9
4,,35,29
4,,36,27.9
5,,37,27.1
5,,38,27.6
5,,39,27.7
5,,40,27.2
5,,41,26.3
5,,42,26.5
5,,43,26.5
5,,44,26.4
5,,45,26.5
5,,46,27.5
6,,47,26.7
6,,48,27.5
6,,49,28.2
6,,50,28.8
6,,51,28.8
6,,52,28.5
6,,53,29
6,,54,28.3
6,,55,28.6
6,,56,27.7
7,,57,28.1
7,,58,27.3
7,,59,26.6
7,,60,26.7
7,,61,26.6
7,,62,27.5
7,,63,26.4
7,,64,26.9
7,,65,27.3
7,,66,27.8
8,,67,27.5
8,,68,26.7
8,,69,28
8,,70,28.1
8,,71,28
8,,72,26.2
8,,73,28.2
8,,74,28.4
8,,75,27.9
8,,76,27.3
9,,77,26.8
9,,78,25.9
9,,79,26.8
9,,80,26.3
9,,81,25.8
9,,82,26.3
9,,83,27.2
9,,84,26.6
9,,85,27.7
9,,86,27.4
10,,87,28.4
10,,88,28.4
10,,89,28.6
10,,90,28.8
10,,91,28.5
10,,92,28.6
10,,93,27.9
10,,94,28.1
10,,95,27.6
10,,96,27.1
11,,97,26.8
11,,98,26.6
11,,99,26.3
11,,100,26.3
11,,101,25.2
11,,102,26.6
11,,103,27.2
11,,104,27.7
11,,105,28.1
11,,106,27.8
12,,107,29
12,,108,28.5
12,,109,28
12,,110,27.7
12,,111,27.8
12,,112,27.7
12,,113,27.8
12,,114,27.2
12,,115,27.3
12,,116,26.7
13,,117,26.3
13,,118,26.6
13,,119,26.3
13,,120,27
13,,121,26.7
13,,122,27.6
13,,123,27.5
13,,124,27.9
13,,125,28.4
13,,126,28.3
14,,127,29
14,,128,28.5
14,,129,27.7
14,,130,28.2
14,,131,27.5
14,,132,25.8
14,,133,26.8
14,,134,26.3
14,,135,26.8
14,,136,26.3
15,,137,26.3
15,,138,26.3
15,,139,26.4
15,,140,27.4
15,,141,26.9
15,,142,27.7
15,,143,28.4
15,,144,28.3
15,,145,28.1
15,,146,28.2
16,,147,28.5
16,,148,27.6
16,,149,27.8
16,,150,27.2
16,,151,27.2
16,,152,26.7
16,,153,26.6
16,,154,26.1
16,,155,26.6
16,,156,26.3
17,,157,26.6
17,,158,26.6
17,,159,27.2
17,,160,27.8
17,,161,27.9
17,,162,28.1
17,,163,29
17,,164,29
17,,165,28.8
17,,166,27.7
18,,167,27.5
18,,168,26.3
18,,169,26.6
18,,170,26.6
18,,171,26.2
18,,172,25.5
18,,173,25.1
18,,174,25.7
18,,175,26.1
18,,176,26.4
19,,177,26.9
19,,178,26.9
19,,179,27.8
19,,180,28.8
19,,181,29
19,,182,29
19,,183,29.1
19,,184,28.6
19,,185,28.3
19,,186,28.1
20,,187,27.4
20,,188,26.7
20,,189,26.2
20,,190,25.6
20,,191,26.1
20,,192,25.8
20,,193,25.9
20,,194,25.9
20,,195,26.3
20,,196,27.1
21,,197,27.9
21,,198,28.3
21,,199,29
21,,200,28.6
21,,201,28.9
21,,202,28.6
21,,203,27.9
21,,204,26.9
21,,205,27.4
21,,206,26.3
22,,207,26.7
22,,208,26.3
22,,209,25.6
22,,210,25.4
22,,211,25.2
22,,212,25
22,,213,24.5
22,,214,25
22,,215,26.7
22,,216,27.8
23,,217,27.4
23,,218,28.5
23,,219,29.2
23,,220,28.6
23,,221,28.6
23,,222,28.3
23,,223,28.6
23,,224,28.1
23,,225,27.5
23,,226,27.2
24,,227,26.5
24,,228,26.2
24,,229,26.5
24,,230,26.5
24,,231,26.3
24,,232,25.1
24,,233,27.4
24,,234,26.9
24,,235,27.4
24,,236,27.7
25,,237,27.7
25,,238,28.2
25,,239,28
25,,240,28.1
25,,241,27.8
25,,242,27.6
25,,243,27.8
25,,244,27.7
25,,245,27.2
25,,246,26.9
26,,247,26.6
26,,248,26.2
26,,249,26.3
26,,250,26.4
26,,251,26.6
26,,252,27.2
26,,253,26.6
26,,254,26.9
26,,255,27.9
26,,256,27.7
27,,257,28.2
27,,258,28.3
27,,259,28.2
27,,260,28.6
27,,261,27.6
27,,262,27.6
27,,263,27.7
27,,264,27.5
27,,265,26.8
27,,266,25.8
28,,267,26.1
28,,268,26.3
28,,269,26.7
28,,270,25.6
28,,271,27
28,,272,26.9
28,,273,27.2
28,,274,27.6
28,,275,27.6
28,,276,28.1
29,,277,28.7
29,,278,28.2
29,,279,27.9
29,,280,27.7
29,,281,27.6
29,,282,27.6
29,,283,27.1
29,,284,26.3
29,,285,26.7
29,,286,26.6
30,,287,26.6
30,,288,26.3
30,,289,26.4
30,,290,26.8
30,,291,27.4
30,,292,27.1
30,,293,27.6
30,,294,26.9
30,,295,27.5
30,,296,27.4
31,,297,27.9
31,,298,27.6
31,,299,27.6
31,,300,27.1
31,,301,27.2
31,,302,26.7
31,,303,26.3
31,,304,26.6
31,,305,26.3
31,,306,26.6
32,,307,26.5
32,,308,26.9
32,,309,27.2
32,,310,26.8
32,,311,27.7
32,,312,28.4
32,,313,27.9
32,,314,28.9
32,,315,28
32,,316,27.4
33,,317,27.6
33,,318,27.7
33,,319,27.6
33,,320,27.2
33,,321,27.2
33,,322,26.7
33,,323,26.3
33,,324,26.3
33,,325,25.3
33,,326,25.6
34,,327,26.3
34,,328,26.1
34,,329,27.7
34,,330,27.7
34,,331,28.3
34,,332,28.7
34,,333,29
34,,334,28.7
34,,335,28.5
34,,336,27.7
35,,337,27.5
35,,338,27.2
35,,339,26.6
35,,340,26.1
35,,341,25.7
35,,342,24.9
35,,343,25
35,,344,25.4
35,,345,25.9
35,,346,26.3
36,,347,26.3
36,,348,27.2
36,,349,27.9
36,,350,28.7
36,,351,28.8
36,,352,29.1
36,,353,28.8
36,,354,29
36,,355,28.5
36,,356,28
37,,357,27.6
37,,358,26.7
37,,359,25.5
37,,360,26.1
37,,361,25.5
37,,362,23.7
37,,363,25.2
37,,364,25.1
37,,365,23.8
37,,366,26.3
38,,367,26.8
38,,368,27.9
38,,369,26.3
38,,370,29.2
38,,371,28.8
38,,372,29.2
38,,373,28.8
38,,374,28.3
38,,375,27.7
38,,376,26.9
39,,377,26.7
39,,378,26.4
39,,379,26.1
39,,380,25.8
39,,381,25.6
39,,382,24.6
39,,383,25.9
39,,384,25.7
39,,385,26.3
39,,386,26.7
40,,387,27.7
40,,388,28.4
40,,389,28.5
40,,390,29.5
40,,391,29.4
40,,392,29
40,,393,28.8
40,,394,27.8
40,,395,27.7
40,,396,26.7
41,,397,26.7
41,,398,25.9
41,,399,25.2
41,,400,24.4
41,,401,25.1
41,,402,25.1
41,,403,25
41,,404,25.6
41,,405,26
41,,406,27.3
42,,407,28.2
42,,408,28.1
42,,409,28.6
42,,410,29
42,,411,28.7
42,,412,28.7
42,,413,28.2
42,,414,27.7
42,,415,27.7
42,,416,26.7
43,,417,26.3
43,,418,26.4
43,,419,25.1
43,,420,24.7
43,,421,25
43,,422,25.1
43,,423,25.2
43,,424,25.9
43,,425,26.7
43,,426,27.2
44,,427,27.4
44,,428,28.9
44,,429,29
44,,430,29
44,,431,28.3
44,,432,29
44,,433,27.2
44,,434,26.4
44,,435,26.4
44,,436,26.3
45,,437,25.5
45,,438,26.2
45,,439,25.1
45,,440,26
45,,441,25.2
45,,442,25.6
45,,443,26.3
45,,444,26.7
45,,445,26.6
45,,446,27.8
46,,447,28.5
46,,448,28.5
46,,449,29.3
46,,450,28.4
46,,451,28.8
46,,452,28.3
46,,453,27.6
46,,454,26.8
46,,455,26.3
46,,456,25.2
47,,457,26.2
47,,458,25.5
47,,459,25
47,,460,25.1
47,,461,25.7
47,,462,25.6
47,,463,26.2
47,,464,26.7
47,,465,26.8
47,,466,27.8
48,,467,27.8
48,,468,29
48,,469,28.9
48,,470,28.8
48,,471,29
48,,472,27.7
48,,473,27.4
48,,474,26.9
48,,475,26.4
48,,476,26.2
49,,477,25
49,,478,25.9
49,,479,25
49,,480,25.7
49,,481,25.5
49,,482,25.8
49,,483,26.6
49,,484,27.2
49,,485,28.1
49,,486,28.5
50,,487,29.2
50,,488,28.4
50,,489,28.7
50,,490,27.6
50,,491,27.8
50,,492,27.7
50,,493,26.5
50,,494,25.1
50,,495,25.2
50,,496,25.8
51,,497,25
51,,498,25.1
51,,499,25.5
51,,500,25.4
51,,501,25.9
51,,502,26.5
51,,503,27.7
51,,504,28.2
51,,505,28.3
51,,506,28.9
52,,507,28.6
52,,508,29
52,,509,28.7
52,,510,27.3
52,,511,27.8
52,,512,26.7
52,,513,26.4
52,,514,26.3
52,,515,25.6
52,,516,25
53,,517,25.6
53,,518,25.5
53,,519,25.9
53,,520,26.7
53,,521,26.7
53,,522,27.6
53,,523,27.5
53,,524,27.8
53,,525,28.8
53,,526,28.9
54,,527,29
54,,528,28
54,,529,28.1
54,,530,27.3
54,,531,26.6
54,,532,25.7
54,,533,26.3
54,,534,25.9
54,,535,25
54,,536,25.4
55,,537,25.5
55,,538,24.8
55,,539,25.9
55,,540,26.9
55,,541,27.4
55,,542,27.7
55,,543,27.9
55,,544,28.5
55,,545,28.9
55,,546,28.8
56,,547,28.3
56,,548,27.9
56,,549,27.8
56,,550,26.3
56,,551,26.4
56,,552,26.3
56,,553,26.1
56,,554,25.1
56,,555,25
56,,556,25
57,,557,25.7
57,,558,26.6
57,,559,26.3
57,,560,26.3
57,,561,26.7
57,,562,27.4
57,,563,28.4
57,,564,28.8
57,,565,28.8
57,,566,28.8
58,,567,28
58,,568,27.2
58,,569,27.2
58,,570,26.2
58,,571,25.9
58,,572,26.3
58,,573,25.2
58,,574,25.1
58,,575,25.2
58,,576,25.9
59,,577,26.2
59,,578,26.6
59,,579,27.5
59,,580,27.7
59,,581,28.1
59,,582,28.2
59,,583,29
59,,584,27.8
59,,585,28.7
59,,586,27.4
60,,587,27.8
60,,588,27.7
60,,589,26.3
60,,590,25.1
60,,591,25.9
60,,592,26.1
60,,593,25.5
60,,594,25.1
60,,595,26.2
60,,596,26.4
61,,597,26.3
61,,598,26.3
61,,599,27.2
61,,600,27.7
61,,601,28.1
61,,602,28.8
61,,603,28.7
61,,604,28.7
61,,605,27.9
61,,606,27.5
62,,607,27.8
62,,608,27.6
62,,609,26.3
62,,610,25.8
62,,611,26
62,,612,25
62,,613,25
62,,614,25.4
62,,615,26
62,,616,26.2
63,,617,25.8
63,,618,26.3
63,,619,27.7
63,,620,28.6
63,,621,28.2
63,,622,27.8
63,,623,28.9
63,,624,28.8
63,,625,28.8
63,,626,27.4
64,,627,27.7
64,,628,26.5
64,,629,26.3
64,,630,25
64,,631,25.8
64,,632,25.1
64,,633,25
64,,634,25.9
64,,635,25.2
64,,636,25.9
65,,637,26.3
65,,638,26.9
65,,639,27.3
65,,640,28.1
65,,641,28.2
65,,642,29
65,,643,29.1
65,,644,28.8
65,,645,27.8
65,,646,27.9
66,,647,27.2
66,,648,26.3
66,,649,26.3
66,,650,25.9
66,,651,25.6
66,,652,25
66,,653,25.2
66,,654,25
66,,655,26.2
66,,656,26.4
67,,657,26.3
67,,658,26.8
67,,659,28.5
67,,660,28.3
67,,661,28.9
67,,662,27.7
67,,663,28.5
67,,664,29.3
67,,665,27.2
67,,666,27.8
68,,667,27.2
68,,668,26.7
68,,669,26.3
68,,670,26.3
68,,671,25
68,,672,24.8
68,,673,24.8
68,,674,25.6
68,,675,25.8
68,,676,26.3
69,,677,25.9
69,,678,26.4
69,,679,27.7
69,,680,28.1
69,,681,28.8
69,,682,28.2
69,,683,28.8
69,,684,28.3
69,,685,27.5
69,,686,27.7
70,,687,27.4
70,,688,27.2
70,,689,26.3
70,,690,25.6
70,,691,25.5
70,,692,24.6
70,,693,25.1
70,,694,25.9
70,,695,26.3
70,,696,26.3
71,,697,26
71,,698,27.4
71,,699,27.5
71,,700,28.5
71,,701,26.8
71,,702,28.7
71,,703,28.4
71,,704,27.7
71,,705,27.9
71,,706,27.7
72,,707,27.6
72,,708,26.8
72,,709,26.2
72,,710,26
72,,711,25.9
72,,712,25.1
72,,713,25.4
72,,714,25
72,,715,25.2
72,,716,26.1
73,,717,26.3
73,,718,26.9
73,,719,27.7
73,,720,28.3
73,,721,27.9
73,,722,29
73,,723,29
73,,724,28.8
73,,725,28.3
73,,726,27.3
74,,727,26.9
74,,728,27.5
74,,729,26.1
74,,730,26.1
74,,731,25.6
74,,732,24.6
74,,733,24
74,,734,25.2
74,,735,25.4
74,,736,26.4
75,,737,26.2
75,,738,26.9
75,,739,28.3
75,,740,27.4
75,,741,28.2
75,,742,29
75,,743,28.4
75,,744,27.7
75,,745,28.3
75,,746,28.2
76,,747,27.4
76,,748,27.1
76,,749,26.5
76,,750,26.2
76,,751,25.8
76,,752,25.1
76,,753,24.9
76,,754,25.5
76,,755,26.1
76,,756,25.5
77,,757,25.9
77,,758,27.4
77,,759,27.8
77,,760,27.5
77,,761,28.2
77,,762,29
77,,763,28.3
77,,764,28.6
77,,765,28.3
77,,766,26.6
78,,767,28.4
78,,768,26.7
78,,769,26.3
78,,770,25.9
78,,771,25.9
78,,772,25.9
78,,773,25
78,,774,25.2
78,,775,26.2
78,,776,25.8
79,,777,26.3
79,,778,26.9
79,,779,27.7
79,,780,27.9
79,,781,28.3
79,,782,28.3
79,,783,28.4
79,,784,28.6
79,,785,28.7
79,,786,27.8
80,,787,27.7
80,,788,26.3
80,,789,26.3
80,,790,26.3
80,,791,25.4
80,,792,24.5
80,,793,25.2
80,,794,25.2
80,,795,26.3
80,,796,25.9
81,,797,26.5
81,,798,26.9
81,,799,27.7
81,,800,26.5
81,,801,28.2
81,,802,28.5
81,,803,28.7
81,,804,28.7
81,,805,27.2
81,,806,27.7
82,,807,27.7
82,,808,26.1
82,,809,26.3
82,,810,25.4
82,,811,25
82,,812,25.1
82,,813,25.6
82,,814,25.1
82,,815,25.2
82,,816,26.1
83,,817,26.8
83,,818,26.7
83,,819,27.9
83,,820,28.5
83,,821,28.9
83,,822,28.8
83,,823,28.8
83,,824,27.9
83,,825,27.7
83,,826,27.2
84,,827,26.5
84,,828,26.3
84,,829,25.2
84,,830,25.7
84,,831,25.1
84,,832,25.5
84,,833,25
84,,834,25
84,,835,26.1
84,,836,26.2
85,,837,27.2
85,,838,28.3
85,,839,27.8
85,,840,27.5
85,,841,27.8
85,,842,29
85,,843,28.8
85,,844,27.9
85,,845,26.9
85,,846,26.8
86,,847,26.7
86,,848,26.3
86,,849,25.5
86,,850,25.1
86,,851,25.1
86,,852,25
86,,853,26.2
86,,854,25.6
86,,855,26.3
86,,856,27.1
87,,857,27.3
87,,858,27.9
87,,859,28.5
87,,860,28.6
87,,861,29
87,,862,27.7
87,,863,27.5
87,,864,26.9
87,,865,26.9
87,,866,26.3
88,,867,25.2
88,,868,25.8
88,,869,25.1
88,,870,26
88,,871,23.8
88,,872,23.7
88,,873,26.4
88,,874,26.3
88,,875,26.9
88,,876,28.1
89,,877,27.7
89,,878,27.7
89,,879,28.4
89,,880,29
89,,881,28.4
89,,882,27.5
89,,883,26.9
89,,884,27.4
89,,885,26.5
89,,886,26.3
90,,887,25.8
90,,888,25.1
90,,889,24.8
90,,890,25.6
90,,891,25.8
90,,892,25.9
90,,893,25.5
90,,894,27
90,,895,28.4
90,,896,28.3
91,,897,28.2
91,,898,29.2
91,,899,27.7
91,,900,28.8
91,,901,27.9
91,,902,28.8
91,,903,26.8
91,,904,26.6
91,,905,26.3
91,,906,25.6
92,,907,25
92,,908,25.5
92,,909,25.2
92,,910,26.3
92,,911,26.3
92,,912,25.9
92,,913,27.5
92,,914,27.7
92,,915,27.7
92,,916,28
93,,917,28.8
93,,918,28.5
93,,919,28.6
93,,920,27.6
93,,921,27.7
93,,922,27.2
93,,923,26.2
93,,924,26.1
93,,925,24.4
93,,926,25
94,,927,25.8
94,,928,25.1
94,,929,25.4
94,,930,26.3
94,,931,26.3
94,,932,26.5
94,,933,27.7
94,,934,27.3
94,,935,27.5
94,,936,29
95,,937,28.6
95,,938,28.6
95,,939,30.4
95,,940,27.6
95,,941,28.3
95,,942,26.5
95,,943,26.1
95,,944,26.3
95,,945,24.7
95,,946,24.9
96,,947,25.6
96,,948,25.1
96,,949,26
96,,950,26.4
96,,951,26.8
96,,952,28.2
96,,953,27.7
96,,954,28.3
96,,955,28.5
96,,956,28.2
97,,957,28.3
97,,958,27.9
97,,959,27.7
97,,960,27.3
97,,961,26.8
97,,962,26.3
97,,963,26.1
97,,964,25.9
97,,965,25.1
97,,966,25.1
98,,967,25.4
98,,968,25.5
98,,969,25.8
98,,970,26.3
98,,971,27.2
98,,972,27.7
98,,973,28.1
98,,974,28.5
98,,975,28.4
98,,976,29
99,,977,28.4
99,,978,27.2
99,,979,27.7
99,,980,26.3
99,,981,26.1
99,,982,25.9
99,,983,25.4
99,,984,25.1
99,,985,24.9
99,,986,25.2
100,,987,25.8
100,,988,26.3
100,,989,26.3
100,,990,27.2
100,,991,27.7
100,,992,27.4
100,,993,28.5
100,,994,28.3
100,,995,28.4
100,,996,28.6
101,,997,27.9
101,,998,27.6
101,,999,26.6
101,,1000,27.2
101,,1001,26.7
101,,1002,25.9
101,,1003,24.9
101,,1004,24.9
101,,1005,24.5
101,,1006,25.5
102,,1007,25
102,,1008,26.8
102,,1009,25.8
102,,1010,26.6
102,,1011,27.2
102,,1012,27.7
102,,1013,28.8
102,,1014,27.7
102,,1015,28.3
102,,1016,27.2
103,,1017,26.4
103,,1018,28.4
103,,1019,26.8
103,,1020,26.7
103,,1021,26.8
103,,1022,23.6
103,,1023,23.6
103,,1024,21.3
103,,1025,20.9
103,,1026,27.5
104,,1027,18.2
104,,1028,26.3
104,,1029,27.2
104,,1030,24.8
104,,1031,23.6
104,,1032,28.3
104,,1033,27.4
104,,1034,36.8
104,,1035,36.3
104,,1036,35.7
105,,1037,33.4
105,,1038,29.8
105,,1039,15
105,,1040,14.2
105,,1041,14.2
105,,1042,14.2
105,,1043,14.2
105,,1044,14.2
105,,1045,14.2
105,,1046,14.2
106,,1047,14.2
106,,1048,14.2
106,,1049,18.2
106,,1050,35.8
106,,1051,37.6
106,,1052,38.4
106,,1053,37.9
106,,1054,37.1
106,,1055,36.5
106,,1056,34.6
107,,1057,34.3
107,,1058,25.7
107,,1059,14.2
107,,1060,14.2
107,,1061,14.2
107,,1062,14.2
107,,1063,14.2
107,,1064,14.2
107,,1065,14.2
107,,1066,14.2
108,,1067,14.2
108,,1068,14.2
108,,1069,26.8
108,,1070,37.6
108,,1071,37.7
108,,1072,38
108,,1073,37.7
108,,1074,37.5
108,,1075,35.8
108,,1076,32.9
109,,1077,33.1
109,,1078,21.4
109,,1079,14.2
109,,1080,14.2
109,,1081,14.2
109,,1082,14.2
109,,1083,14.2
109,,1084,14.2
109,,1085,14.2
109,,1086,14.2
110,,1087,14.2
110,,1088,14.2
110,,1089,28.2
110,,1090,37.6
110,,1091,38.6
110,,1092,38.9
110,,1093,38
110,,1094,37.7
110,,1095,35.5
110,,1096,34.2
111,,1097,32.2
111,,1098,21.4
111,,1099,14.2
111,,1100,14.2
111,,1101,14.2
111,,1102,14.2
111,,1103,14.2
111,,1104,14.2
111,,1105,14.2
111,,1106,14.2
112,,1107,14.2
112,,1108,14.2
112,,1109,30.7
112,,1110,37.3
112,,1111,38.2
112,,1112,39
112,,1113,36.5
112,,1114,35.9
112,,1115,37.1
112,,1116,34.4
113,,1117,33
113,,1118,24
113,,1119,14.2
113,,1120,14.2
113,,1121,14.2
113,,1122,14.2
113,,1123,14.2
113,,1124,14.2
113,,1125,14.2
113,,1126,14.2
114,,1127,14.2
114,,1128,14.2
114,,1129,24.6
114,,1130,37.7
114,,1131,38.2
114,,1132,38.6
114,,1133,38.3
114,,1134,37.2
114,,1135,35.8
114,,1136,36.2
115,,1137,32.3
115,,1138,26.3
115,,1139,14.2
115,,1140,14.2
115,,1141,14.2
115,,1142,14.2
115,,1143,14.2
115,,1144,14.2
115,,1145,14.2
115,,1146,14.2
116,,1147,14.2
116,,1148,14.2
116,,1149,20
116,,1150,37.1
116,,1151,37.4
116,,1152,37.1
116,,1153,37.3
116,,1154,37.1
116,,1155,35.7
116,,1156,35.5
117,,1157,33.2
117,,1158,31.1
117,,1159,14.2
117,,1160,14.2
117,,1161,14.2
117,,1162,14.2
117,,1163,14.2
117,,1164,14.2
117,,1165,14.2
117,,1166,14.2
118,,1167,14.2
118,,1168,14.2
118,,1169,15.5
118,,1170,35.9
118,,1171,38
118,,1172,38.4
118,,1173,38.2
118,,1174,37.2
118,,1175,37.1
118,,1176,35.8
119,,1177,35.2
119,,1178,32.4
119,,1179,19.6
119,,1180,14.2
119,,1181,14.2
119,,1182,14.2
119,,1183,14.2
119,,1184,14.2
119,,1185,14.2
119,,1186,14.2
120,,1187,14.2
120,,1188,14.2
120,,1189,14.2
120,,1190,30.3
120,,1191,37.1
120,,1192,38.5
120,,1193,38.4
120,,1194,37.9
120,,1195,36.8
120,,1196,36.2
121,,1197,34.5
121,,1198,33
121,,1199,22
121,,1200,14.2
121,,1201,14.2
121,,1202,14.2
121,,1203,14.2
121,,1204,14.2
121,,1205,14.2
121,,1206,14.2
122,,1207,14.2
122,,1208,14.2
122,,1209,14.2
122,,1210,27.6
122,,1211,37.3
122,,1212,37.9
122,,1213,38.3
122,,1214,38.5
122,,1215,38.2
122,,1216,35.8
123,,1217,34.1
123,,1218,34.3
123,,1219,25.8
123,,1220,14.2
123,,1221,14.2
123,,1222,14.2
123,,1223,14.2
123,,1224,14.2
123,,1225,14.2
123,,1226,14.2
124,,1227,14.2
124,,1228,14.2
124,,1229,14.2
124,,1230,24.9
124,,1231,37.3
124,,1232,38.4
124,,1233,38.5
124,,1234,38.2
124,,1235,38
124,,1236,36.2
125,,1237,34.8
125,,1238,32.5
125,,1239,25.2
125,,1240,14.2
125,,1241,14.2
125,,1242,14.2
125,,1243,14.2
125,,1244,14.2
125,,1245,14.2
125,,1246,14.2
126,,1247,14.2
126,,1248,14.2
126,,1249,14.2
126,,1250,24.8
126,,1251,37.5
126,,1252,37.6
126,,1253,38.4
126,,1254,38.7
126,,1255,37.5
126,,1256,35.7
127,,1257,34.9
127,,1258,33.5
127,,1259,25.1
127,,1260,14.2
127,,1261,14.2
127,,1262,14.2
127,,1263,14.2
127,,1264,14.2
127,,1265,14.2
127,,1266,14.2
128,,1267,14.2
128,,1268,14.2
128,,1269,14.2
128,,1270,28.7
128,,1271,37
128,,1272,38
128,,1273,37.2
128,,1274,37.9
128,,1275,37.1
128,,1276,35.7
129,,1277,34
129,,1278,32.1
129,,1279,22.3
129,,1280,14.2
129,,1281,14.2
129,,1282,14.2
129,,1283,14.2
129,,1284,14.2
129,,1285,14.2
129,,1286,14.2
130,,1287,14.2
130,,1288,14.2
130,,1289,14.2
130,,1290,32.5
130,,1291,36.9
130,,1292,38
130,,1293,38.3
130,,1294,37.3
130,,1295,36.7
130,,1296,37.3
131,,1297,33.6
131,,1298,31.7
131,,1299,18.3
131,,1300,14.2
131,,1301,14.2
131,,1302,14.2
131,,1303,14.2
131,,1304,14.2
131,,1305,14.2
131,,1306,14.2
132,,1307,14.2
132,,1308,14.2
132,,1309,17
132,,1310,36.7
132,,1311,37.2
132,,1312,37.7
132,,1313,37.9
132,,1314,37.3
132,,1315,36.5
132,,1316,35.9
133,,1317,33.1
133,,1318,30.1
133,,1319,14.2
133,,1320,14.2
133,,1321,14.2
133,,1322,14.2
133,,1323,14.2
133,,1324,14.2
133,,1325,14.2
133,,1326,14.2
134,,1327,14.2
134,,1328,14.2
134,,1329,18.8
134,,1330,37.1
134,,1331,37.6
134,,1332,38.7
134,,1333,38.4
134,,1334,38.2
134,,1335,36.5
134,,1336,34.6
135,,1337,32.5
135,,1338,26.4
135,,1339,14.2
135,,1340,14.2
135,,1341,14.2
135,,1342,14.2
135,,1343,14.2
135,,1344,14.2
135,,1345,14.2
135,,1346,14.2
136,,1347,14.2
136,,1348,14.2
136,,1349,27.4
136,,1350,37.1
136,,1351,37.7
136,,1352,38.6
136,,1353,37.5
136,,1354,37.1
136,,1355,35.3
136,,1356,35.9
137,,1357,31.7
137,,1358,20.5
137,,1359,14.2
137,,1360,14.2
137,,1361,14.2
137,,1362,14.2
137,,1363,14.2
137,,1364,14.2
137,,1365,14.2
137,,1366,14.2
138,,1367,14.2
138,,1368,17.6
138,,1369,37.3
138,,1370,38
138,,1371,37.5
138,,1372,38.4
138,,1373,37.4
138,,1374,35.7
138,,1375,35.1
138,,1376,32
139,,1377,25
139,,1378,14.2
139,,1379,14.2
139,,1380,14.2
139,,1381,14.2
139,,1382,14.2
139,,1383,14.2
139,,1384,14.2
139,,1385,14.2
139,,1386,14.2
140,,1387,14.2
140,,1388,32.9
140,,1389,37.3
140,,1390,37.1
140,,1391,38
140,,1392,37.1
140,,1393,37
140,,1394,35.9
140,,1395,33.1
140,,1396,29
141,,1397,14.2
141,,1398,14.2
141,,1399,14.2
141,,1400,14.2
141,,1401,14.2
141,,1402,14.2
141,,1403,14.2
141,,1404,14.2
141,,1405,14.2
141,,1406,14.2
142,,1407,26.3
142,,1408,39.2
142,,1409,38.2
142,,1410,38.6
142,,1411,36.2
142,,1412,37.1
142,,1413,35.7
142,,1414,33.8
142,,1415,32.1
142,,1416,18.3
143,,1417,14.2
143,,1418,14.2
143,,1419,14.2
143,,1420,14.2
143,,1421,14.2
143,,1422,14.2
143,,1423,14.2
143,,1424,14.2
143,,1425,14.2
143,,1426,18.2
144,,1427,37.1
144,,1428,37.6
144,,1429,38
144,,1430,38
144,,1431,36.3
144,,1432,36.2
144,,1433,37
144,,1434,32.6
144,,1435,27.7
144,,1436,14.2
145,,1437,14.2
145,,1438,14.2
145,,1439,14.2
145,,1440,14.2
145,,1441,14.2
145,,1442,14.2
145,,1443,14.2
145,,1444,14.2
145,,1445,14.2
145,,1446,23.5
146,,1447,36.6
146,,1448,38.4
146,,1449,38.8
146,,1450,37.7
146,,1451,37.1
146,,1452,35.8
146,,1453,33.2
146,,1454,33
146,,1455,26.4
146,,1456,14.2
147,,1457,14.2
147,,1458,14.2
147,,1459,14.2
147,,1460,14.2
147,,1461,14.2
147,,1462,14.2
147,,1463,14.2
147,,1464,14.2
147,,1465,14.2
147,,1466,18.8
148,,1467,36.3
148,,1468,38.3
148,,1469,37.6
148,,1470,38.3
148,,1471,37.3
148,,1472,36.3
148,,1473,34.6
148,,1474,32
148,,1475,30.4
148,,1476,19.4
149,,1477,14.2
149,,1478,14.2
149,,1479,14.2
149,,1480,14.2
149,,1481,14.2
149,,1482,14.2
149,,1483,14.2
149,,1484,14.2
149,,1485,14.2
149,,1486,14.2
150,,1487,26.8
150,,1488,37.1
150,,1489,37.9
150,,1490,37.8
150,,1491,37.9
150,,1492,37.2
150,,1493,37
150,,1494,35.3
150,,1495,34.2
150,,1496,30.1
151,,1497,15.9
151,,1498,14.2
151,,1499,14.2
151,,1500,14.2
151,,1501,14.2
151,,1502,14.2
151,,1503,14.2
151,,1504,14.2
151,,1505,14.2
151,,1506,14.2
152,,1507,14.2
152,,1508,26
152,,1509,37.1
152,,1510,37.1
152,,1511,38.2
152,,1512,37.3
152,,1513,37.9
152,,1514,37
152,,1515,35
152,,1516,34.9
153,,1517,31.7
153,,1518,19.9
153,,1519,14.2
153,,1520,14.2
153,,1521,14.2
153,,1522,14.2
153,,1523,14.2
153,,1524,14.2
153,,1525,14.2
153,,1526,14.2
154,,1527,14.2
154,,1528,14.2
154,,1529,15.7
154,,1530,35.2
154,,1531,37.5
154,,1532,37.3
154,,1533,37.6
154,,1534,37.3
154,,1535,36.8
154,,1536,35.8
155,,1537,34.1
155,,1538,32.2
155,,1539,25
155,,1540,14.2
155,,1541,14.2
155,,1542,14.2
155,,1543,14.2
155,,1544,14.2
155,,1545,14.2
155,,1546,14.2
156,,1547,14.2
156,,1548,14.2
156,,1549,14.2
156,,1550,14.2
156,,1551,29
156,,1552,37.1
156,,1553,37.7
156,,1554,38.4
156,,1555,37.1
156,,1556,37.2
157,,1557,36.2
157,,1558,34.8
157,,1559,33.1
157,,1560,27.9
157,,1561,14.2
157,,1562,14.2
157,,1563,14.2
157,,1564,14.2
157,,1565,14.2
157,,1566,14.2
158,,1567,14.2
158,,1568,14.2
158,,1569,14.2
158,,1570,14.2
158,,1571,14.2
158,,1572,23.6
158,,1573,37.2
158,,1574,37.6
158,,1575,38.2
158,,1576,38.3
159,,1577,38.4
159,,1578,36.3
159,,1579,37.2
159,,1580,33.9
159,,1581,31.7
159,,1582,19.9
159,,1583,14.2
159,,1584,14.2
159,,1585,14.2
159,,1586,14.2
160,,1587,14.2
160,,1588,14.2
160,,1589,14.2
160,,1590,14.2
160,,1591,14.2
160,,1592,14.2
160,,1593,18
160,,1594,36.3
160,,1595,37.5
160,,1596,37.7
161,,1597,38.6
161,,1598,37.1
161,,1599,37.5
161,,1600,36.2
161,,1601,35.7
161,,1602,33.3
161,,1603,23.6
161,,1604,14.2
161,,1605,14.2
161,,1606,14.2
162,,1607,14.2
162,,1608,14.2
162,,1609,14.2
162,,1610,14.2
162,,1611,14.2
162,,1612,14.2
162,,1613,14.2
162,,1614,14.2
162,,1615,32.6
162,,1616,37.5
163,,1617,38.6
163,,1618,39
163,,1619,37.1
163,,1620,37.6
163,,1621,36.7
163,,1622,35.6
163,,1623,33.4
163,,1624,27.2
163,,1625,14.2
163,,1626,14.2
164,,1627,14.2
164,,1628,14.2
164,,1629,14.2
164,,1630,14.2
164,,1631,14.2
164,,1632,14.2
164,,1633,14.2
164,,1634,14.2
164,,1635,14.2
164,,1636,28.9
165,,1637,37.6
165,,1638,38.2
165,,1639,38.7
165,,1640,38.2
165,,1641,36.9
165,,1642,36.6
165,,1643,33.7
165,,1644,32.6
165,,1645,29
165,,1646,14.2
166,,1647,14.2
166,,1648,14.2
166,,1649,14.2
166,,1650,14.2
166,,1651,14.2
166,,1652,14.2
166,,1653,14.2
166,,1654,14.2
166,,1655,14.2
166,,1656,14.2
167,,1657,24
167,,1658,37.1
167,,1659,37.2
167,,1660,38.4
167,,1661,38.5
167,,1662,36.8
167,,1663,35.9
167,,1664,33.2
167,,1665,32.6
167,,1666,30.4
168,,1667,15.5
168,,1668,14.2
168,,1669,14.2
168,,1670,14.2
168,,1671,14.2
168,,1672,14.2
168,,1673,14.2
168,,1674,14.2
168,,1675,14.2
168,,1676,14.2
169,,1677,14.2
169,,1678,24.6
169,,1679,37.3
169,,1680,37.7
169,,1681,38.9
169,,1682,38.3
169,,1683,37.3
169,,1684,37.1
169,,1685,35.5
169,,1686,34
170,,1687,31.6
170,,1688,19.5
170,,1689,14.2
170,,1690,14.2
170,,1691,14.2
170,,1692,14.2
170,,1693,14.2
170,,1694,14.2
170,,1695,14.2
170,,1696,14.2
171,,1697,14.2
171,,1698,14.2
171,,1699,18.2
171,,1700,35.4
171,,1701,37.3
171,,1702,37.8
171,,1703,38.4
171,,1704,37.3
171,,1705,36.8
171,,1706,36.2
172,,1707,34.4
172,,1708,32.9
172,,1709,24.9
172,,1710,14.2
172,,1711,14.2
172,,1712,14.2
172,,1713,14.2
172,,1714,14.2
172,,1715,14.2
172,,1716,14.2
173,,1717,14.2
173,,1718,14.2
173,,1719,14.2
173,,1720,14.2
173,,1721,29
173,,1722,37.1
173,,1723,38.4
173,,1724,38.7
173,,1725,37.7
173,,1726,37.8
174,,1727,37.3
174,,1728,36.7
174,,1729,35
174,,1730,29.9
174,,1731,18
174,,1732,14.2
174,,1733,14.2
174,,1734,14.2
174,,1735,14.2
174,,1736,14.2
175,,1737,14.2
175,,1738,14.2
175,,1739,14.2
175,,1740,14.2
175,,1741,14.2
175,,1742,20.2
175,,1743,37.1
175,,1744,38.2
175,,1745,37.9
175,,1746,38.2
176,,1747,37.3
176,,1748,36.9
176,,1749,35.2
176,,1750,33.6
176,,1751,33
176,,1752,23.5
176,,1753,14.2
176,,1754,14.2
176,,1755,14.2
176,,1756,14.2
177,,1757,14.2
177,,1758,14.2
177,,1759,14.2
177,,1760,14.2
177,,1761,14.2
177,,1762,14.2
177,,1763,14.2
177,,1764,30.2
177,,1765,37
177,,1766,37.8
178,,1767,38.9
178,,1768,36.8
178,,1769,37.6
178,,1770,37.4
178,,1771,34.8
178,,1772,34.8
178,,1773,29.9
178,,1774,17.7
178,,1775,14.2
178,,1776,14.2
179,,1777,14.2
179,,1778,14.2
179,,1779,14.2
179,,1780,14.2
179,,1781,14.2
179,,1782,14.2
179,,1783,14.2
179,,1784,14.2
179,,1785,16.8
179,,1786,35.5
180,,1787,37.3
180,,1788,38.4
180,,1789,37.7
180,,1790,37.4
180,,1791,37.1
180,,1792,36
180,,1793,34.2
180,,1794,33.9
180,,1795,27.8
180,,1796,14.2
181,,1797,14.2
181,,1798,14.2
181,,1799,14.2
181,,1800,14.2
181,,1801,14.2
181,,1802,14.2
181,,1803,14.2
181,,1804,14.2
181,,1805,14.2
181,,1806,14.2
182,,1807,22.1
182,,1808,36.9
182,,1809,37.9
182,,1810,37.7
182,,1811,38.3
182,,1812,37.5
182,,1813,37
182,,1814,36
182,,1815,33.6
182,,1816,32
183,,1817,23.6
183,,1818,14.2
183,,1819,14.2
183,,1820,14.2
183,,1821,14.2
183,,1822,14.2
183,,1823,14.2
183,,1824,14.2
183,,1825,14.2
183,,1826,14.2
184,,1827,14.2
184,,1828,14.2
184,,1829,29.3
184,,1830,37.1
184,,1831,37.3
184,,1832,38.9
184,,1833,36.7
184,,1834,37.3
184,,1835,36.7
184,,1836,35.2
185,,1837,34.5
185,,1838,30.7
185,,1839,16.9
185,,1840,14.2
185,,1841,14.2
185,,1842,14.2
185,,1843,14.2
185,,1844,14.2
185,,1845,14.2
185,,1846,14.2
186,,1847,14.2
186,,1848,14.2
186,,1849,14.2
186,,1850,20.6
186,,1851,36.8
186,,1852,37.5
186,,1853,37.3
186,,1854,37.8
186,,1855,37.6
186,,1856,36.3
187,,1857,37.1
187,,1858,35.5
187,,1859,32
187,,1860,22.7
187,,1861,14.2
187,,1862,14.2
187,,1863,14.2
187,,1864,14.2
187,,1865,14.2
187,,1866,14.2
188,,1867,14.2
188,,1868,14.2
188,,1869,14.2
188,,1870,14.2
188,,1871,14.6
188,,1872,33.2
188,,1873,36.2
188,,1874,37.3
188,,1875,37.5
188,,1876,37.3
189,,1877,37.1
189,,1878,36.8
189,,1879,34.3
189,,1880,33.7
189,,1881,27.2
189,,1882,14.2
189,,1883,14.2
189,,1884,14.2
189,,1885,14.2
189,,1886,14.2
190,,1887,14.2
190,,1888,14.2
190,,1889,14.2
190,,1890,14.2
190,,1891,14.2
190,,1892,14.2
190,,1893,26.3
190,,1894,36.7
190,,1895,38.4
190,,1896,37.5
191,,1897,38.4
191,,1898,37.5
191,,1899,37.3
191,,1900,35.4
191,,1901,34.1
191,,1902,30.4
191,,1903,18.5
191,,1904,14.2
191,,1905,14.2
191,,1906,14.2
192,,1907,14.2
192,,1908,14.2
192,,1909,14.2
192,,1910,14.2
192,,1911,14.2
192,,1912,14.2
192,,1913,14.2
192,,1914,19
192,,1915,36.8
192,,1916,37.9
193,,1917,37.3
193,,1918,37.7
193,,1919,36.9
193,,1920,36.6
193,,1921,36.6
193,,1922,34.2
193,,1923,31.6
193,,1924,23.3
193,,1925,14.2
193,,1926,14.2
194,,1927,14.2
194,,1928,14.2
194,,1929,14.2
194,,1930,14.2
194,,1931,14.2
194,,1932,14.2
194,,1933,14.2
194,,1934,14.2
194,,1935,15.7
194,,1936,31.9
195,,1937,37.3
195,,1938,38.2
195,,1939,37.7
195,,1940,37.6
195,,1941,37.5
195,,1942,35.6
195,,1943,35.8
195,,1944,31.7
195,,1945,25.4
195,,1946,14.2
196,,1947,14.2
196,,1948,14.2
196,,1949,14.2
196,,1950,14.2
196,,1951,14.2
196,,1952,14.2
196,,1953,14.2
196,,1954,14.2
196,,1955,14.2
196,,1956,14.2
197,,1957,29.8
197,,1958,37.7
197,,1959,38
197,,1960,37.9
197,,1961,37.2
197,,1962,37.3
197,,1963,35.7
197,,1964,33.9
197,,1965,32.6
197,,1966,29.1
198,,1967,14.2
198,,1968,14.2
198,,1969,14.2
198,,1970,14.2
198,,1971,14.2
198,,1972,14.2
198,,1973,14.2
198,,1974,14.2
198,,1975,14.2
198,,1976,14.2
199,,1977,14.2
199,,1978,25.2
199,,1979,36.6
199,,1980,37.9
199,,1981,37.3
199,,1982,37.3
199,,1983,35.8
199,,1984,36.9
199,,1985,34.6
199,,1986,34.4
200,,1987,31.7
200,,1988,19.6
200,,1989,14.2
200,,1990,14.2
200,,1991,14.2
200,,1992,14.2
200,,1993,14.2
200,,1994,14.2
200,,1995,14.2
200,,1996,14.2
201,,1997,14.2
201,,1998,14.2
201,,1999,17.7
201,,2000,35.7
201,,2001,37.8
201,,2002,37.3
201,,2003,37.9
201,,2004,37.5
201,,2005,36.7
201,,2006,35.7
202,,2007,34.8
202,,2008,32.9
202,,2009,25.6
202,,2010,14.2
202,,2011,14.2
202,,2012,14.2
202,,2013,14.2
202,,2014,14.2
202,,2015,14.2
202,,2016,14.2
203,,2017,14.2
203,,2018,14.2
203,,2019,14.2
203,,2020,14.2
203,,2021,23
203,,2022,37
203,,2023,37.1
203,,2024,38.1
203,,2025,37.2
203,,2026,37.3
204,,2027,36
204,,2028,35.4
204,,2029,33.6
204,,2030,32.5
204,,2031,23.6
204,,2032,14.2
204,,2033,14.2
204,,2034,14.2
204,,2035,14.2
204,,2036,14.2
205,,2037,14.2
205,,2038,14.2
205,,2039,14.2
205,,2040,14.2
205,,2041,14.2
205,,2042,14.2
205,,2043,24
205,,2044,37.1
205,,2045,37.7
205,,2046,37.3
206,,2047,38
206,,2048,37.3
206,,2049,36.5
206,,2050,35.6
206,,2051,34.1
206,,2052,32.9
206,,2053,23.4
206,,2054,14.2
206,,2055,14.2
206,,2056,14.2
207,,2057,14.2
207,,2058,14.2
207,,2059,14.2
207,,2060,14.2
207,,2061,14.2
207,,2062,14.2
207,,2063,14.2
207,,2064,14.2
207,,2065,24.5
207,,2066,37.1
208,,2067,37.7
208,,2068,37.3
208,,2069,37.5
208,,2070,37.7
208,,2071,36.7
208,,2072,35.8
208,,2073,35.3
208,,2074,31.9
208,,2075,23.3
208,,2076,14.2
209,,2077,14.2
209,,2078,14.2
209,,2079,14.2
209,,2080,14.2
209,,2081,14.2
209,,2082,14.2
209,,2083,14.2
209,,2084,14.2
209,,2085,14.2
209,,2086,14.2
210,,2087,25.1
210,,2088,37.1
210,,2089,39.9
210,,2090,36.2
210,,2091,37.5
210,,2092,37.2
210,,2093,35.9
210,,2094,37.1
210,,2095,32.9
210,,2096,31.8
211,,2097,21.9
211,,2098,14.2
211,,2099,14.2
211,,2100,14.2
211,,2101,14.2
211,,2102,14.2
211,,2103,14.2
211,,2104,14.2
211,,2105,14.2
211,,2106,14.2
212,,2107,14.2
212,,2108,14.2
212,,2109,28.3
212,,2110,37.3
212,,2111,37.8
212,,2112,38.7
212,,2113,37.4
212,,2114,37.2
212,,2115,37.1
212,,2116,35
213,,2117,34.4
213,,2118,31.3
213,,2119,20.1
213,,2120,14.2
213,,2121,14.2
213,,2122,14.2
213,,2123,14.2
213,,2124,14.2
213,,2125,14.2
213,,2126,14.2
214,,2127,14.2
214,,2128,14.2
214,,2129,14.2
214,,2130,14.2
214,,2131,32
214,,2132,36.8
214,,2133,38.2
214,,2134,38.2
214,,2135,37.8
214,,2136,37.2
215,,2137,36.8
215,,2138,34.5
215,,2139,33.1
215,,2140,29.3
215,,2141,14.5
215,,2142,14.2
215,,2143,14.2
215,,2144,14.2
215,,2145,14.2
215,,2146,14.2
216,,2147,14.2
216,,2148,14.2
216,,2149,14.2
216,,2150,14.2
216,,2151,14.2
216,,2152,21.9
216,,2153,37.1
216,,2154,38
216,,2155,37.3
216,,2156,37.5
217,,2157,37.3
217,,2158,36.8
217,,2159,36.2
217,,2160,33.8
217,,2161,32.3
217,,2162,22.4
217,,2163,14.2
217,,2164,14.2
217,,2165,14.2
217,,2166,14.2
218,,2167,14.2
218,,2168,14.2
218,,2169,14.2
218,,2170,14.2
218,,2171,14.2
218,,2172,14.2
218,,2173,14.2
218,,2174,31.3
218,,2175,37
218,,2176,38.2
219,,2177,38.4
219,,2178,37.6
219,,2179,37.1
219,,2180,36.6
219,,2181,34.6
219,,2182,32.8
219,,2183,29.4
219,,2184,14.2
219,,2185,14.2
219,,2186,14.2
220,,2187,14.2
220,,2188,14.2
220,,2189,14.2
220,,2190,14.2
220,,2191,14.2
220,,2192,14.2
220,,2193,14.2
220,,2194,14.2
220,,2195,23.6
220,,2196,37.1
221,,2197,37.6
221,,2198,37.5
221,,2199,37.2
221,,2200,37.2
221,,2201,37.4
221,,2202,35
221,,2203,33.3
221,,2204,31.7
221,,2205,19.8
221,,2206,14.2
222,,2207,14.2
222,,2208,14.2
222,,2209,14.2
222,,2210,14.2
222,,2211,14.2
222,,2212,14.2
222,,2213,14.2
222,,2214,14.2
222,,2215,14.2
222,,2216,18.7
223,,2217,36.7
223,,2218,37.6
223,,2219,37.7
223,,2220,37.7
223,,2221,37.3
223,,2222,36.7
223,,2223,35.7
223,,2224,34.9
223,,2225,31.7
223,,2226,23
224,,2227,14.2
224,,2228,14.2
224,,2229,14.2
224,,2230,14.2
224,,2231,14.2
224,,2232,14.2
224,,2233,14.2
224,,2234,14.2
224,,2235,14.2
224,,2236,14.2
225,,2237,14.2
225,,2238,33.1
225,,2239,37.3
225,,2240,38.3
225,,2241,38.5
225,,2242,37.7
225,,2243,37.4
225,,2244,36.3
225,,2245,36.8
225,,2246,32.9
226,,2247,28.6
226,,2248,14.2
226,,2249,14.2
226,,2250,14.2
226,,2251,14.2
226,,2252,14.2
226,,2253,14.2
226,,2254,14.2
226,,2255,14.2
226,,2256,14.2
227,,2257,14.2
227,,2258,14.2
227,,2259,23.5
227,,2260,36.3
227,,2261,37.2
227,,2262,37.3
227,,2263,37.7
227,,2264,37.3
227,,2265,36.6
227,,2266,36.2
228,,2267,34
228,,2268,32.9
228,,2269,21.4
228,,2270,14.2
228,,2271,14.2
228,,2272,14.2
228,,2273,14.2
228,,2274,14.2
228,,2275,14.2
228,,2276,14.2
229,,2277,14.2
229,,2278,14.2
229,,2279,14.2
229,,2280,14.8
229,,2281,33.4
229,,2282,37.5
229,,2283,38.3
229,,2284,38.4
229,,2285,38
229,,2286,37.2
230,,2287,35.6
230,,2288,34.3
230,,2289,34.1
230,,2290,26.3
230,,2291,14.2
230,,2292,14.2
230,,2293,14.2
230,,2294,14.2
230,,2295,14.2
230,,2296,14.2
231,,2297,14.2
231,,2298,14.2
231,,2299,14.2
231,,2300,14.2
231,,2301,14.2
231,,2302,27.6
231,,2303,37.3
231,,2304,37.1
231,,2305,37.3
231,,2306,37.7
232,,2307,37.1
232,,2308,37.3
232,,2309,37.1
232,,2310,32.9
232,,2311,30.5
232,,2312,15.5
232,,2313,14.2
232,,2314,14.2
232,,2315,14.2
232,,2316,14.2
233,,2317,14.2
233,,2318,14.2
233,,2319,14.2
233,,2320,14.2
233,,2321,14.2
233,,2322,14.2
233,,2323,23.2
233,,2324,37
233,,2325,37.8
233,,2326,37.1
234,,2327,38
234,,2328,37.3
234,,2329,37.3
234,,2330,35.9
234,,2331,34
234,,2332,32.9
234,,2333,21.9
234,,2334,14.2
234,,2335,14.2
234,,2336,14.2
235,,2337,14.2
235,,2338,14.2
235,,2339,14.2
235,,2340,14.2
235,,2341,14.2
235,,2342,14.2
235,,2343,14.2
235,,2344,14.2
235,,2345,30.4
235,,2346,37.1
236,,2347,37.3
236,,2348,38.6
236,,2349,37.6
236,,2350,37.1
236,,2351,36.7
236,,2352,35.2
236,,2353,33.6
236,,2354,30.9
236,,2355,18.2
236,,2356,14.2
237,,2357,14.2
237,,2358,14.2
237,,2359,14.2
237,,2360,14.2
237,,2361,14.2
237,,2362,14.2
237,,2363,14.2
237,,2364,14.2
237,,2365,14.2
237,,2366,16.1
238,,2367,34.9
238,,2368,37.3
238,,2369,37.9
238,,2370,38.7
238,,2371,37.8
238,,2372,36.8
238,,2373,34.6
238,,2374,34.6
238,,2375,32.2
238,,2376,29.9
239,,2377,14.2
239,,2378,14.2
239,,2379,14.2
239,,2380,14.2
239,,2381,14.2
239,,2382,14.2
239,,2383,14.2
239,,2384,14.2
239,,2385,14.2
239,,2386,14.2
240,,2387,14.2
240,,2388,20
240,,2389,36
240,,2390,37.7
240,,2391,37.7
240,,2392,38.7
240,,2393,37.2
240,,2394,36.9
240,,2395,35.7
240,,2396,33.6
241,,2397,32.5
241,,2398,25.1
241,,2399,14.2
241,,2400,14.2
241,,2401,14.2
241,,2402,14.2
241,,2403,14.2
241,,2404,14.2
241,,2405,14.2
241,,2406,14.2
242,,2407,14.2
242,,2408,14.2
242,,2409,14.2
242,,2410,25.5
242,,2411,35.3
242,,2412,38
242,,2413,37.8
242,,2414,35.3
242,,2415,38.8
242,,2416,37.1
243,,2417,35.9
243,,2418,32.9
243,,2419,31.5
243,,2420,19.8
243,,2421,14.2
243,,2422,14.2
243,,2423,14.2
243,,2424,14.2
243,,2425,14.2
243,,2426,14.2
244,,2427,14.2
244,,2428,14.2
244,,2429,14.2
244,,2430,14.2
244,,2431,15.5
244,,2432,34.3
244,,2433,36.8
244,,2434,37.7
244,,2435,37.2
244,,2436,37.1
245,,2437,37.2
245,,2438,36.2
245,,2439,34
245,,2440,33
245,,2441,27.7
245,,2442,14.2
245,,2443,14.2
245,,2444,14.2
245,,2445,14.2
245,,2446,14.2
246,,2447,14.2
246,,2448,14.2
246,,2449,14.2
246,,2450,14.2
246,,2451,14.2
246,,2452,14.2
246,,2453,23.8
246,,2454,36.7
246,,2455,37.8
246,,2456,37.7
247,,2457,37.1
247,,2458,37.1
247,,2459,36.8
247,,2460,37.1
247,,2461,34
247,,2462,32
247,,2463,24.6
247,,2464,14.2
247,,2465,14.2
247,,2466,14.2
248,,2467,14.2
248,,2468,14.2
248,,2469,14.2
248,,2470,14.2
248,,2471,14.2
248,,2472,14.2
248,,2473,14.2
248,,2474,14.2
248,,2475,25
248,,2476,37.1
249,,2477,37.7
249,,2478,38.4
249,,2479,37.8
249,,2480,36.1
249,,2481,35.5
249,,2482,36.2
249,,2483,33.2
249,,2484,32.1
249,,2485,23.6
249,,2486,14.2
250,,2487,14.2
250,,2488,14.2
250,,2489,14.2
250,,2490,14.2
250,,2491,14.2
250,,2492,14.2
250,,2493,14.2
250,,2494,14.2
250,,2495,14.2
250,,2496,14.2
251,,2497,24.9
251,,2498,37.5
251,,2499,37.6
251,,2500,37.3
251,,2501,37.8
251,,2502,37.1
251,,2503,37.1
251,,2504,36.8
251,,2505,34.1
251,,2506,31.7
252,,2507,23
252,,2508,14.2
252,,2509,14.2
252,,2510,14.2
252,,2511,14.2
252,,2512,14.2
252,,2513,14.2
252,,2514,14.2
252,,2515,14.2
252,,2516,14.2
253,,2517,14.2
253,,2518,14.2
253,,2519,26.4
253,,2520,36.9
253,,2521,37.7
253,,2522,37.7
253,,2523,37
253,,2524,37.2
253,,2525,37.1
253,,2526,36.5
254,,2527,33
254,,2528,30.5
254,,2529,21
254,,2530,14.2
254,,2531,14.2
254,,2532,14.2
254,,2533,14.2
254,,2534,14.2
254,,2535,14.2
254,,2536,14.2
255,,2537,14.2
255,,2538,14.2
255,,2539,14.2
255,,2540,14.2
255,,2541,31.7
255,,2542,37.1
255,,2543,38.2
255,,2544,38.4
255,,2545,37.3
255,,2546,37.1
256,,2547,37.1
256,,2548,35
256,,2549,32.8
256,,2550,31.5
256,,2551,17.8
256,,2552,14.2
256,,2553,14.2
256,,2554,14.2
256,,2555,14.2
256,,2556,14.2
257,,2557,14.2
257,,2558,14.2
257,,2559,14.2
257,,2560,14.2
257,,2561,14.2
257,,2562,15.5
257,,2563,33.5
257,,2564,37.1
257,,2565,38.4
257,,2566,37.9
258,,2567,37.8
258,,2568,37.1
258,,2569,35.9
258,,2570,34.4
258,,2571,32.7
258,,2572,30.1
258,,2573,15.4
258,,2574,14.2
258,,2575,14.2
258,,2576,14.2
259,,2577,14.2
259,,2578,14.2
259,,2579,14.2
259,,2580,14.2
259,,2581,14.2
259,,2582,14.2
259,,2583,14.2
259,,2584,18.2
259,,2585,35.6
259,,2586,37.2
260,,2587,37.4
260,,2588,38.9
260,,2589,37.8
260,,2590,37.6
260,,2591,37.3
260,,2592,34.6
260,,2593,32.5
260,,2594,28.1
260,,2595,14.2
260,,2596,14.2
261,,2597,14.2
261,,2598,14.2
261,,2599,14.2
261,,2600,14.2
261,,2601,14.2
261,,2602,14.2
261,,2603,14.2
261,,2604,14.2
261,,2605,14.2
261,,2606,20.9
262,,2607,36.2
262,,2608,37.3
262,,2609,37.2
262,,2610,37.6
262,,2611,37.2
262,,2612,37
262,,2613,35.7
262,,2614,35.7
262,,2615,32.3
262,,2616,25.6
263,,2617,14.2
263,,2618,14.2
263,,2619,14.2
263,,2620,14.2
263,,2621,14.2
263,,2622,14.2
263,,2623,14.2
263,,2624,14.2
263,,2625,14.2
263,,2626,14.2
264,,2627,14.2
264,,2628,24.1
264,,2629,37.1
264,,2630,37.6
264,,2631,37.5
264,,2632,37.3
264,,2633,34.7
264,,2634,37.1
264,,2635,35.7
264,,2636,34
265,,2637,31.6
265,,2638,23.1
265,,2639,14.2
265,,2640,14.2
265,,2641,14.2
265,,2642,14.2
265,,2643,14.2
265,,2644,14.2
265,,2645,14.2
265,,2646,14.2
266,,2647,14.2
266,,2648,14.2
266,,2649,14.2
266,,2650,26.1
266,,2651,37.1
266,,2652,37.1
266,,2653,38.6
266,,2654,37.3
266,,2655,36.6
266,,2656,37.3
267,,2657,35.7
267,,2658,34.2
267,,2659,31.7
267,,2660,21.9
267,,2661,14.2
267,,2662,14.2
267,,2663,14.2
267,,2664,14.2
267,,2665,14.2
267,,2666,14.2
268,,2667,14.2
268,,2668,14.2
268,,2669,14.2
268,,2670,14.2
268,,2671,14.2
268,,2672,28.2
268,,2673,37
268,,2674,37.6
268,,2675,38.4
268,,2676,37.6
269,,2677,37.3
269,,2678,37.1
269,,2679,36.7
269,,2680,33.6
269,,2681,31.7
269,,2682,22.1
269,,2683,14.2
269,,2684,14.2
269,,2685,14.2
269,,2686,14.2
270,,2687,14.2
270,,2688,14.2
270,,2689,14.2
270,,2690,14.2
270,,2691,14.2
270,,2692,14.2
270,,2693,14.2
270,,2694,25.1
270,,2695,36.8
270,,2696,37.2
271,,2697,37.6
271,,2698,37.8
271,,2699,37.3
271,,2700,36.6
271,,2701,35.7
271,,2702,34.5
271,,2703,33
271,,2704,23.6
271,,2705,14.2
271,,2706,14.2
272,,2707,14.2
272,,2708,14.2
272,,2709,14.2
272,,2710,14.2
272,,2711,14.2
272,,2712,14.2
272,,2713,14.2
272,,2714,14.2
272,,2715,14.2
272,,2716,22.1
273,,2717,36.7
273,,2718,37.1
273,,2719,37.8
273,,2720,37.9
273,,2721,37.1
273,,2722,37.1
273,,2723,34.6
273,,2724,34.6
273,,2725,33.1
273,,2726,25.9
274,,2727,14.2
274,,2728,14.2
274,,2729,14.2
274,,2730,14.2
274,,2731,14.2
274,,2732,14.2
274,,2733,14.2
274,,2734,14.2
274,,2735,14.2
274,,2736,14.2
275,,2737,14.2
275,,2738,18.7
275,,2739,36.9
275,,2740,37.6
275,,2741,37.8
275,,2742,37.8
275,,2743,37.5
275,,2744,36.5
275,,2745,35.8
275,,2746,35.2
276,,2747,33.5
276,,2748,28.1
276,,2749,14.2
276,,2750,14.2
276,,2751,14.2
276,,2752,14.2
276,,2753,14.2
276,,2754,14.2
276,,2755,14.2
276,,2756,14.2
277,,2757,14.2
277,,2758,14.2
277,,2759,14.2
277,,2760,19.3
277,,2761,36.3
277,,2762,37.7
277,,2763,38.3
277,,2764,38.4
277,,2765,37.5
277,,2766,35.9
278,,2767,35.7
278,,2768,34
278,,2769,32.5
278,,2770,27.2
278,,2771,14.2
278,,2772,14.2
278,,2773,14.2
278,,2774,14.2
278,,2775,14.2
278,,2776,14.2
279,,2777,14.2
279,,2778,14.2
279,,2779,14.2
279,,2780,14.2
279,,2781,14.2
279,,2782,23.1
279,,2783,36.7
279,,2784,36.8
279,,2785,38
279,,2786,37.3
280,,2787,37.1
280,,2788,36.9
280,,2789,37.1
280,,2790,35.2
280,,2791,32.3
280,,2792,25.5
280,,2793,14.2
280,,2794,14.2
280,,2795,14.2
280,,2796,14.2
281,,2797,14.2
281,,2798,14.2
281,,2799,14.2
281,,2800,14.2
281,,2801,14.2
281,,2802,14.2
281,,2803,14.2
281,,2804,28.3
281,,2805,36.8
281,,2806,38.1
282,,2807,38.4
282,,2808,37.6
282,,2809,37.3
282,,2810,37.2
282,,2811,35
282,,2812,34.5
282,,2813,31.7
282,,2814,18.5
282,,2815,14.2
282,,2816,14.2
283,,2817,14.2
283,,2818,14.2
283,,2819,14.2
283,,2820,14.2
283,,2821,14.2
283,,2822,14.2
283,,2823,14.2
283,,2824,14.2
283,,2825,16.6
283,,2826,34.3
284,,2827,37.1
284,,2828,38.3
284,,2829,37.7
284,,2830,37.2
284,,2831,36.8
284,,2832,37.1
284,,2833,34.2
284,,2834,32.8
284,,2835,29.1
284,,2836,14.2
285,,2837,14.2
285,,2838,14.2
285,,2839,14.2
285,,2840,14.2
285,,2841,14.2
285,,2842,14.2
285,,2843,14.2
285,,2844,14.2
285,,2845,14.2
285,,2846,14.2
286,,2847,20.4
286,,2848,37.1
286,,2849,37.5
286,,2850,38.1
286,,2851,37.9
286,,2852,37.1
286,,2853,36.5
286,,2854,36.7
286,,2855,34.4
286,,2856,32.9
287,,2857,25.1
287,,2858,14.2
287,,2859,14.2
287,,2860,14.2
287,,2861,14.2
287,,2862,14.2
287,,2863,14.2
287,,2864,14.2
287,,2865,14.2
287,,2866,14.2
288,,2867,14.2
288,,2868,14.2
288,,2869,25.1
288,,2870,36.9
288,,2871,37.7
288,,2872,38.3
288,,2873,37.6
288,,2874,37.2
288,,2875,36.2
288,,2876,37.1
289,,2877,33.8
289,,2878,33.7
289,,2879,21.1
289,,2880,14.2
289,,2881,14.2
289,,2882,14.2
289,,2883,14.2
289,,2884,14.2
289,,2885,14.2
289,,2886,14.2
290,,2887,14.2
290,,2888,14.2
290,,2889,14.2
290,,2890,14.2
290,,2891,31.2
290,,2892,37.1
290,,2893,38.2
290,,2894,37.4
290,,2895,37.3
290,,2896,37.6
291,,2897,37.2
291,,2898,35.7
291,,2899,32.6
291,,2900,30.3
291,,2901,16.3
291,,2902,14.2
291,,2903,14.2
291,,2904,14.2
291,,2905,14.2
291,,2906,14.2
292,,2907,14.2
292,,2908,14.2
292,,2909,14.2
292,,2910,14.2
292,,2911,14.2
292,,2912,19.4
292,,2913,37.1
292,,2914,37.2
292,,2915,38.3
292,,2916,37.9
293,,2917,37.5
293,,2918,37.1
293,,2919,35.6
293,,2920,33.6
293,,2921,33.2
293,,2922,23.9
293,,2923,14.2
293,,2924,14.2
293,,2925,14.2
293,,2926,14.2
294,,2927,14.2
294,,2928,14.2
294,,2929,14.2
294,,2930,14.2
294,,2931,14.2
294,,2932,14.2
294,,2933,14.2
294,,2934,26.5
294,,2935,36.8
294,,2936,38.2
295,,2937,37.4
295,,2938,37.6
295,,2939,37.7
295,,2940,37.2
295,,2941,34.8
295,,2942,33.5
295,,2943,31.7
295,,2944,18
295,,2945,14.2
295,,2946,14.2
296,,2947,14.2
296,,2948,14.2
296,,2949,14.2
296,,2950,14.2
296,,2951,14.2
296,,2952,14.2
296,,2953,14.2
296,,2954,14.2
296,,2955,17
296,,2956,35.7
297,,2957,37.8
297,,2958,37.7
297,,2959,38.4
297,,2960,37.9
297,,2961,36.7
297,,2962,35.3
297,,2963,34.4
297,,2964,33.4
297,,2965,26.5
297,,2966,14.2
298,,2967,14.2
298,,2968,14.2
298,,2969,14.2
298,,2970,14.2
298,,2971,14.2
298,,2972,14.2
298,,2973,14.2
298,,2974,14.2
298,,2975,14.2
298,,2976,14.2
299,,2977,23.6
299,,2978,37.2
299,,2979,37.7
299,,2980,37.9
299,,2981,37.1
299,,2982,37.3
299,,2983,36.3
299,,2984,35.7
299,,2985,32.3
299,,2986,31.9
300,,2987,21.2
300,,2988,14.2
300,,2989,14.2
300,,2990,14.2
300,,2991,14.2
300,,2992,14.2
300,,2993,14.2
300,,2994,14.2
300,,2995,14.2
300,,2996,14.2
301,,2997,14.2
301,,2998,14.2
301,,2999,30.1
301,,3000,35.2
301,,3001,38.2
301,,3002,38.5
301,,3003,38
301,,3004,37.3
301,,3005,37.2
301,,3006,34.8
302,,3007,31.5
302,,3008,30.4
302,,3009,17
302,,3010,14.2
302,,3011,14.2
302,,3012,14.2
302,,3013,14.2
302,,3014,14.2
302,,3015,14.2
302,,3016,14.2
303,,3017,14.2
303,,3018,14.2
303,,3019,14.2
303,,3020,16.7
303,,3021,35.5
303,,3022,37.1
303,,3023,37.2
303,,3024,37.3
303,,3025,36.8
303,,3026,37.1
304,,3027,36.1
304,,3028,34.6
304,,3029,32.6
304,,3030,27.7
304,,3031,14.2
304,,3032,14.2
304,,3033,14.2
304,,3034,14.2
304,,3035,14.2
304,,3036,14.2
305,,3037,14.2
305,,3038,14.2
305,,3039,14.2
305,,3040,14.2
305,,3041,14.2
305,,3042,21.9
305,,3043,37.1
305,,3044,37.1
305,,3045,37.2
305,,3046,36.9
306,,3047,36.6
306,,3048,36.5
306,,3049,36
306,,3050,35
306,,3051,32.8
306,,3052,24.6
306,,3053,14.2
306,,3054,14.2
306,,3055,14.2
306,,3056,14.2
307,,3057,14.2
307,,3058,14.2
307,,3059,14.2
307,,3060,14.2
307,,3061,14.2
307,,3062,14.2
307,,3063,14.2
307,,3064,26.7
307,,3065,37.2
307,,3066,37.6
308,,3067,38.4
308,,3068,37.6
308,,3069,37.1
308,,3070,37.1
308,,3071,35.7
308,,3072,34.9
308,,3073,31.7
308,,3074,20.9
308,,3075,14.2
308,,3076,14.2
309,,3077,14.2
309,,3078,14.2
309,,3079,14.2
309,,3080,14.2
309,,3081,14.2
309,,3082,14.2
309,,3083,14.2
309,,3084,14.2
309,,3085,14.8
309,,3086,33.3
310,,3087,37.1
310,,3088,37.9
310,,3089,38.3
310,,3090,37.7
310,,3091,37.3
310,,3092,36.5
310,,3093,35.3
310,,3094,33.5
310,,3095,29
310,,3096,15
311,,3097,14.2
311,,3098,14.2
311,,3099,14.2
311,,3100,14.2
311,,3101,14.2
311,,3102,14.2
311,,3103,14.2
311,,3104,14.2
311,,3105,14.2
311,,3106,14.2
312,,3107,18.7
312,,3108,36.8
312,,3109,37.1
312,,3110,38.6
312,,3111,38
312,,3112,37.1
312,,3113,36.8
312,,3114,37.1
312,,3115,35.3
312,,3116,32.9
313,,3117,27.9
313,,3118,18.7
313,,3119,14.2
313,,3120,14.2
313,,3121,14.2
313,,3122,14.2
313,,3123,14.2
313,,3124,14.2
313,,3125,14.2
313,,3126,14.2
314,,3127,14.2
314,,3128,14.2
314,,3129,14.2
314,,3130,27.9
314,,3131,35.9
314,,3132,36.8
314,,3133,37.2
314,,3134,36.7
314,,3135,35.9
314,,3136,35.6
315,,3137,34.5
315,,3138,33.9
315,,3139,31.7
315,,3140,19.5
315,,3141,14.2
315,,3142,14.2
315,,3143,14.2
315,,3144,14.2
315,,3145,14.2
315,,3146,14.2
316,,3147,14.2
316,,3148,14.2
316,,3149,14.2
316,,3150,14.2
316,,3151,18.1
316,,3152,32
